{
  "project_info": {
    "project_number": "584657997189",
    "project_id": "xavier-c0f17",
    "storage_bucket": "xavier-c0f17.appspot.com"
  },
  "client": [
    {
      "client_info": {
        "mobilesdk_app_id": "1:584657997189:android:c04f69727e8850df3988ec",
        "android_client_info": {
          "package_name": "com.example.xavier_fyp"
        }
      },
      "oauth_client": [
        {
          "client_id": "584657997189-l7oiit2ca2btn3d1n4k91h0d2ohph3v4.apps.googleusercontent.com",
          "client_type": 3
        }
      ],
      "api_key": [
        {
          "current_key": "AIzaSyC9ne3KiqVXjKSLo0HJbdK1ovDkK4nLEA0"
        }
      ],
      "services": {
        "appinvite_service": {
          "other_platform_oauth_client": [
            {
              "client_id": "584657997189-l7oiit2ca2btn3d1n4k91h0d2ohph3v4.apps.googleusercontent.com",
              "client_type": 3
            }
          ]
        }
      }
    }
  ],
  "configuration_version": "1"
}